<?xml version="1.0" encoding="UTF-8" ?>
<!--
    Copyright (c) 2009 Tasktop Technologies and others.
 
    This program and the accompanying materials are made available under the
    terms of the Eclipse Public License v. 2.0 which is available at
    https://www.eclipse.org/legal/epl-2.0
 
    SPDX-License-Identifier: EPL-2.0

    Contributors:
         Tasktop Technologies - initial API and implementation
  -->
<introContent>
  <extensionContent id="org.eclipse.mylyn" name="Mylyn"
					style="css/whatsnew.css" alt-style="css/whatsnew.properties" path="whatsnew/@">
	<group id="content-group" style-id="content-group">
	  <link label="Mylyn Application Lifecycle Tools"
			url="http://www.eclipse.org/mylyn/new/"
			id="mylyn-noteworthy" style-id="content-link">
		<!-- 
		   url="http://org.eclipse.ui.intro/showHelpTopic?id=/org.eclipse.mylyn.help.ui/doc/new.html"
		  -->				
		<text>
		  Visit the Mylyn New and Noteworthy on Eclipse.org
		</text>
	  </link>
	</group>
  </extensionContent>
</introContent>
