<?xml version="1.0" encoding="UTF-8" ?>
<introContent>
   <extensionContent id="org.eclipse.wtp" name="WTP"  style="css/overview.css" path="overview/@">
     <group id="content-group" style-id="content-group">
    	<link style-id="content-link" label="Web development tools" url="content/root.html" id="wtp">
      		<text>The Eclipse Web Tools Platform (WTP) project extends the Eclipse platform with tools for developing Web and Java EE applications. It includes source and graphical editors for a variety of languages, wizards and built-in applications to simplify development, and tools and APIs to support deploying, running, and testing apps</text>
    	</link>
     </group>
  </extensionContent>
</introContent>