<?xml version="1.0" encoding="UTF-8"?>
<java version="17.0.12" class="java.beans.XMLDecoder">
 <object class="org.eclipse.epp.internal.mpc.ui.catalog.MarketplaceInfo" id="MarketplaceInfo0">
  <void property="iuToNodeKey">
   <void method="put">
    <string>org.eclipse.cdt</string>
    <object class="java.util.ArrayList">
     <void method="add">
      <string>https://marketplace.eclipse.org#5578792</string>
     </void>
    </object>
   </void>
   <void method="put">
    <string>com.hpe.fortify.complete.analysis</string>
    <object class="java.util.ArrayList">
     <void method="add">
      <string>https://marketplace.eclipse.org#5894817</string>
     </void>
    </object>
   </void>
   <void method="put">
    <string>cn.ieclipse.smartqq.feature</string>
    <object class="java.util.ArrayList">
     <void method="add">
      <string>https://marketplace.eclipse.org#3508787</string>
     </void>
    </object>
   </void>
   <void method="put">
    <string>org.wso2.developerstudio.eclipse.registry.artifact.feature</string>
    <object class="java.util.ArrayList">
     <void method="add">
      <string>https://marketplace.eclipse.org#296419</string>
     </void>
    </object>
   </void>
   <void method="put">
    <string>com.github.sdbg.feature</string>
    <object class="java.util.ArrayList">
     <void method="add">
      <string>https://marketplace.eclipse.org#5579576</string>
     </void>
    </object>
   </void>
   <void method="put">
    <string>com.genuitec.eclipse.code.angularide.feature</string>
    <object class="java.util.ArrayList">
     <void method="add">
      <string>https://marketplace.eclipse.org#3157661</string>
     </void>
    </object>
   </void>
   <void method="put">
    <string>org.wso2.developerstudio.eclipse.bpel.artifact.feature</string>
    <object class="java.util.ArrayList">
     <void method="add">
      <string>https://marketplace.eclipse.org#296419</string>
     </void>
    </object>
   </void>
   <void method="put">
    <string>org.eclipse.andmore.hierarchyviewer.feature</string>
    <object class="java.util.ArrayList">
     <void method="add">
      <string>https://marketplace.eclipse.org#2606339</string>
     </void>
    </object>
   </void>
   <void method="put">
    <string>com.microsoft.azuretools.core.feature</string>
    <object class="java.util.ArrayList">
     <void method="add">
      <string>https://marketplace.eclipse.org#1919278</string>
     </void>
    </object>
   </void>
   <void method="put">
    <string>org.eclipse.jsf.feature</string>
    <object class="java.util.ArrayList">
     <void method="add">
      <string>https://marketplace.eclipse.org#2963451</string>
     </void>
    </object>
   </void>
   <void method="put">
    <string>com.tulin.v8.markdown.feature</string>
    <object class="java.util.ArrayList">
     <void method="add">
      <string>https://marketplace.eclipse.org#5466625</string>
     </void>
    </object>
   </void>
   <void method="put">
    <string>org.eclipse.buildship</string>
    <object class="java.util.ArrayList">
     <void method="add">
      <string>https://marketplace.eclipse.org#2963451</string>
     </void>
    </object>
   </void>
   <void method="put">
    <string>org.eclipse.egit</string>
    <object class="java.util.ArrayList">
     <void method="add">
      <string>https://marketplace.eclipse.org#1336</string>
     </void>
     <void method="add">
      <string>https://marketplace.eclipse.org#2963451</string>
     </void>
    </object>
   </void>
   <void method="put">
    <string>org.eclipse.wst.web_ui.feature</string>
    <object class="java.util.ArrayList">
     <void method="add">
      <string>https://marketplace.eclipse.org#2963451</string>
     </void>
    </object>
   </void>
   <void method="put">
    <string>org.wso2.developerstudio.eclipse.bpel.feature</string>
    <object class="java.util.ArrayList">
     <void method="add">
      <string>https://marketplace.eclipse.org#296419</string>
     </void>
    </object>
   </void>
   <void method="put">
    <string>com.microsoft.azuretools.hdinsight.feature</string>
    <object class="java.util.ArrayList">
     <void method="add">
      <string>https://marketplace.eclipse.org#1919278</string>
     </void>
    </object>
   </void>
   <void method="put">
    <string>ru.taximaxim.codekeeper.feature</string>
    <object class="java.util.ArrayList">
     <void method="add">
      <string>https://marketplace.eclipse.org#4065142</string>
     </void>
    </object>
   </void>
   <void method="put">
    <string>org.eclipse.m2e.lemminx.feature</string>
    <object class="java.util.ArrayList">
     <void method="add">
      <string>https://marketplace.eclipse.org#2963451</string>
     </void>
    </object>
   </void>
   <void method="put">
    <string>org.eclipse.cdt.meson</string>
    <object class="java.util.ArrayList">
     <void method="add">
      <string>https://marketplace.eclipse.org#5578792</string>
     </void>
    </object>
   </void>
   <void method="put">
    <string>org.wso2.developerstudio.eclipse.carbon.uibundle.artifact.feature</string>
    <object class="java.util.ArrayList">
     <void method="add">
      <string>https://marketplace.eclipse.org#296419</string>
     </void>
    </object>
   </void>
   <void method="put">
    <string>ADT_Classic_Outline_Feature</string>
    <object class="java.util.ArrayList">
     <void method="add">
      <string>https://marketplace.eclipse.org#5464346</string>
     </void>
    </object>
   </void>
   <void method="put">
    <string>org.eclipse.linuxtools.docker.feature</string>
    <object class="java.util.ArrayList">
     <void method="add">
      <string>https://marketplace.eclipse.org#2963451</string>
     </void>
    </object>
   </void>
   <void method="put">
    <string>net.sourceforge.pmd.eclipse</string>
    <object class="java.util.ArrayList">
     <void method="add">
      <string>https://marketplace.eclipse.org#2755329</string>
     </void>
    </object>
   </void>
   <void method="put">
    <string>eu.musoft.eclipse.xpath.evaluation.plugin</string>
    <object class="java.util.ArrayList">
     <void method="add">
      <string>https://marketplace.eclipse.org#148833</string>
     </void>
    </object>
   </void>
   <void method="put">
    <string>com.genuitec.eclipse.code.navigation.feature</string>
    <object class="java.util.ArrayList">
     <void method="add">
      <string>https://marketplace.eclipse.org#4008412</string>
     </void>
     <void method="add">
      <string>https://marketplace.eclipse.org#4043040</string>
     </void>
     <void method="add">
      <string>https://marketplace.eclipse.org#4043160</string>
     </void>
     <void method="add">
      <string>https://marketplace.eclipse.org#4043068</string>
     </void>
     <void method="add">
      <string>https://marketplace.eclipse.org#3083980</string>
     </void>
     <void method="add">
      <string>https://marketplace.eclipse.org#4043127</string>
     </void>
     <void method="add">
      <string>https://marketplace.eclipse.org#3157661</string>
     </void>
    </object>
   </void>
   <void method="put">
    <string>org.eclipse.m2e.wtp.feature</string>
    <object class="java.util.ArrayList">
     <void method="add">
      <string>https://marketplace.eclipse.org#2963451</string>
     </void>
    </object>
   </void>
   <void method="put">
    <string>org.eclipse.jpt.common.feature</string>
    <object class="java.util.ArrayList">
     <void method="add">
      <string>https://marketplace.eclipse.org#2963451</string>
     </void>
    </object>
   </void>
   <void method="put">
    <string>org.wso2.developerstudio.eclipse.appserver.artifact.feature</string>
    <object class="java.util.ArrayList">
     <void method="add">
      <string>https://marketplace.eclipse.org#296419</string>
     </void>
    </object>
   </void>
   <void method="put">
    <string>org.sveditor.feature.group</string>
    <object class="java.util.ArrayList">
     <void method="add">
      <string>https://marketplace.eclipse.org#1136</string>
     </void>
    </object>
   </void>
   <void method="put">
    <string>org.wso2.soapui.feature</string>
    <object class="java.util.ArrayList">
     <void method="add">
      <string>https://marketplace.eclipse.org#296419</string>
     </void>
    </object>
   </void>
   <void method="put">
    <string>org.wso2.developerstudio.eclipse.esb.graphical.editor.feature</string>
    <object class="java.util.ArrayList">
     <void method="add">
      <string>https://marketplace.eclipse.org#296419</string>
     </void>
    </object>
   </void>
   <void method="put">
    <string>net.certiv.xvisitordt.feature</string>
    <object class="java.util.ArrayList">
     <void method="add">
      <string>https://marketplace.eclipse.org#2947177</string>
     </void>
    </object>
   </void>
   <void method="put">
    <string>org.wso2.developerstudio.eclipse.framework.core.feature</string>
    <object class="java.util.ArrayList">
     <void method="add">
      <string>https://marketplace.eclipse.org#296419</string>
     </void>
    </object>
   </void>
   <void method="put">
    <string>org.eclipse.wildwebdeveloper.feature</string>
    <object class="java.util.ArrayList">
     <void method="add">
      <string>https://marketplace.eclipse.org#5578890</string>
     </void>
     <void method="add">
      <string>https://marketplace.eclipse.org#2963451</string>
     </void>
    </object>
   </void>
   <void method="put">
    <string>org.wso2.developerstudio.eclipse.server.framework.feature</string>
    <object class="java.util.ArrayList">
     <void method="add">
      <string>https://marketplace.eclipse.org#296419</string>
     </void>
    </object>
   </void>
   <void method="put">
    <string>org.eclipse.jgit.lfs</string>
    <object class="java.util.ArrayList">
     <void method="add">
      <string>https://marketplace.eclipse.org#1336</string>
     </void>
    </object>
   </void>
   <void method="put">
    <string>org.eclipse.jpt.jaxb.eclipselink.feature</string>
    <object class="java.util.ArrayList">
     <void method="add">
      <string>https://marketplace.eclipse.org#2963451</string>
     </void>
    </object>
   </void>
   <void method="put">
    <string>org.eclipse.cdt.autotools</string>
    <object class="java.util.ArrayList">
     <void method="add">
      <string>https://marketplace.eclipse.org#5578792</string>
     </void>
    </object>
   </void>
   <void method="put">
    <string>org.wso2.developerstudio.eclipse.carbonserver.31.feature</string>
    <object class="java.util.ArrayList">
     <void method="add">
      <string>https://marketplace.eclipse.org#296419</string>
     </void>
    </object>
   </void>
   <void method="put">
    <string>org.wso2.developerstudio.eclipse.artifact.library.feature</string>
    <object class="java.util.ArrayList">
     <void method="add">
      <string>https://marketplace.eclipse.org#296419</string>
     </void>
    </object>
   </void>
   <void method="put">
    <string>org.eclipse.jgit.gpg.bc</string>
    <object class="java.util.ArrayList">
     <void method="add">
      <string>https://marketplace.eclipse.org#1336</string>
     </void>
    </object>
   </void>
   <void method="put">
    <string>com.ibm.ws.appconversion_feature.tomcat</string>
    <object class="java.util.ArrayList">
     <void method="add">
      <string>https://marketplace.eclipse.org#1744576</string>
     </void>
     <void method="add">
      <string>https://marketplace.eclipse.org#292930</string>
     </void>
    </object>
   </void>
   <void method="put">
    <string>com.genuitec.eclipse.code.livepreview.feature</string>
    <object class="java.util.ArrayList">
     <void method="add">
      <string>https://marketplace.eclipse.org#4008412</string>
     </void>
    </object>
   </void>
   <void method="put">
    <string>org.eclipse.jst.server_ui.feature</string>
    <object class="java.util.ArrayList">
     <void method="add">
      <string>https://marketplace.eclipse.org#2963451</string>
     </void>
    </object>
   </void>
   <void method="put">
    <string>com.ibm.ws.appconversion_feature.was2was</string>
    <object class="java.util.ArrayList">
     <void method="add">
      <string>https://marketplace.eclipse.org#1744576</string>
     </void>
     <void method="add">
      <string>https://marketplace.eclipse.org#292930</string>
     </void>
    </object>
   </void>
   <void method="put">
    <string>com.microsoft.azuretools.container.feature</string>
    <object class="java.util.ArrayList">
     <void method="add">
      <string>https://marketplace.eclipse.org#1919278</string>
     </void>
    </object>
   </void>
   <void method="put">
    <string>org.eclipse.wildwebdeveloper.embedder.node.feature</string>
    <object class="java.util.ArrayList">
     <void method="add">
      <string>https://marketplace.eclipse.org#5578890</string>
     </void>
     <void method="add">
      <string>https://marketplace.eclipse.org#4528322</string>
     </void>
     <void method="add">
      <string>https://marketplace.eclipse.org#2963451</string>
     </void>
    </object>
   </void>
   <void method="put">
    <string>com.gwtplugins.eclipse.sdkbundle.gwt27.feature</string>
    <object class="java.util.ArrayList">
     <void method="add">
      <string>https://marketplace.eclipse.org#5579576</string>
     </void>
    </object>
   </void>
   <void method="put">
    <string>io.typefox.langium.eclipse.feature</string>
    <object class="java.util.ArrayList">
     <void method="add">
      <string>https://marketplace.eclipse.org#5633919</string>
     </void>
    </object>
   </void>
   <void method="put">
    <string>de.anbos.eclipse.easyshell.feature</string>
    <object class="java.util.ArrayList">
     <void method="add">
      <string>https://marketplace.eclipse.org#974</string>
     </void>
    </object>
   </void>
   <void method="put">
    <string>org.jboss.tools.smooks.feature</string>
    <object class="java.util.ArrayList">
     <void method="add">
      <string>https://marketplace.eclipse.org#296419</string>
     </void>
    </object>
   </void>
   <void method="put">
    <string>org.wso2.tcpmon.feature</string>
    <object class="java.util.ArrayList">
     <void method="add">
      <string>https://marketplace.eclipse.org#296419</string>
     </void>
    </object>
   </void>
   <void method="put">
    <string>org.eclipse.egit.mylyn</string>
    <object class="java.util.ArrayList">
     <void method="add">
      <string>https://marketplace.eclipse.org#1336</string>
     </void>
    </object>
   </void>
   <void method="put">
    <string>gitaddon.feature</string>
    <object class="java.util.ArrayList">
     <void method="add">
      <string>https://marketplace.eclipse.org#1076754</string>
     </void>
    </object>
   </void>
   <void method="put">
    <string>avroclipse.sdk</string>
    <object class="java.util.ArrayList">
     <void method="add">
      <string>https://marketplace.eclipse.org#2600501</string>
     </void>
    </object>
   </void>
   <void method="put">
    <string>ru.tensor.explain.eclipse.feature</string>
    <object class="java.util.ArrayList">
     <void method="add">
      <string>https://marketplace.eclipse.org#5786594</string>
     </void>
    </object>
   </void>
   <void method="put">
    <string>org.eclipse.xtend.sdk</string>
    <object class="java.util.ArrayList">
     <void method="add">
      <string>https://marketplace.eclipse.org#148396</string>
     </void>
    </object>
   </void>
   <void method="put">
    <string>org.eclipse.jst.ws.cxf.feature</string>
    <object class="java.util.ArrayList">
     <void method="add">
      <string>https://marketplace.eclipse.org#2963451</string>
     </void>
    </object>
   </void>
   <void method="put">
    <string>com.ibm.ws.migrationtoolkit.cloud.feature</string>
    <object class="java.util.ArrayList">
     <void method="add">
      <string>https://marketplace.eclipse.org#1744576</string>
     </void>
     <void method="add">
      <string>https://marketplace.eclipse.org#292930</string>
     </void>
    </object>
   </void>
   <void method="put">
    <string>org.wso2.developerstudio.eclipse.jaggery.artifact.feature</string>
    <object class="java.util.ArrayList">
     <void method="add">
      <string>https://marketplace.eclipse.org#296419</string>
     </void>
    </object>
   </void>
   <void method="put">
    <string>com.ibm.ws.appconversion_feature.oracle</string>
    <object class="java.util.ArrayList">
     <void method="add">
      <string>https://marketplace.eclipse.org#1744576</string>
     </void>
     <void method="add">
      <string>https://marketplace.eclipse.org#292930</string>
     </void>
    </object>
   </void>
   <void method="put">
    <string>org.eclipse.m2e.wtp.jsf.feature</string>
    <object class="java.util.ArrayList">
     <void method="add">
      <string>https://marketplace.eclipse.org#2963451</string>
     </void>
    </object>
   </void>
   <void method="put">
    <string>com.genuitec.eclipse.code.feature</string>
    <object class="java.util.ArrayList">
     <void method="add">
      <string>https://marketplace.eclipse.org#4008412</string>
     </void>
     <void method="add">
      <string>https://marketplace.eclipse.org#4043040</string>
     </void>
     <void method="add">
      <string>https://marketplace.eclipse.org#4043160</string>
     </void>
     <void method="add">
      <string>https://marketplace.eclipse.org#4043068</string>
     </void>
     <void method="add">
      <string>https://marketplace.eclipse.org#4805355</string>
     </void>
     <void method="add">
      <string>https://marketplace.eclipse.org#3083980</string>
     </void>
     <void method="add">
      <string>https://marketplace.eclipse.org#4043127</string>
     </void>
     <void method="add">
      <string>https://marketplace.eclipse.org#2582095</string>
     </void>
     <void method="add">
      <string>https://marketplace.eclipse.org#3157661</string>
     </void>
    </object>
   </void>
   <void method="put">
    <string>xtext.anbx.feature</string>
    <object class="java.util.ArrayList">
     <void method="add">
      <string>https://marketplace.eclipse.org#3795176</string>
     </void>
    </object>
   </void>
   <void method="put">
    <string>com.genuitec.eclipse.code.pack.go</string>
    <object class="java.util.ArrayList">
     <void method="add">
      <string>https://marketplace.eclipse.org#4805355</string>
     </void>
    </object>
   </void>
   <void method="put">
    <string>org.eclipse.jst.web_ui.feature</string>
    <object class="java.util.ArrayList">
     <void method="add">
      <string>https://marketplace.eclipse.org#2963451</string>
     </void>
    </object>
   </void>
   <void method="put">
    <string>com.gwtplugins.eclipse.suite.v3.feature</string>
    <object class="java.util.ArrayList">
     <void method="add">
      <string>https://marketplace.eclipse.org#5579576</string>
     </void>
    </object>
   </void>
   <void method="put">
    <string>org.eclipse.wst.xsl.feature</string>
    <object class="java.util.ArrayList">
     <void method="add">
      <string>https://marketplace.eclipse.org#2963451</string>
     </void>
    </object>
   </void>
   <void method="put">
    <string>org.wso2.developerstudio.eclipse.registry.feature</string>
    <object class="java.util.ArrayList">
     <void method="add">
      <string>https://marketplace.eclipse.org#296419</string>
     </void>
    </object>
   </void>
   <void method="put">
    <string>org.wso2.developerstudio.eclipse.security.artifact.feature</string>
    <object class="java.util.ArrayList">
     <void method="add">
      <string>https://marketplace.eclipse.org#296419</string>
     </void>
    </object>
   </void>
   <void method="put">
    <string>org.wso2.developerstudio.eclipse.carbonserver.40.feature</string>
    <object class="java.util.ArrayList">
     <void method="add">
      <string>https://marketplace.eclipse.org#296419</string>
     </void>
    </object>
   </void>
   <void method="put">
    <string>org.eclipse.cdt.cmake</string>
    <object class="java.util.ArrayList">
     <void method="add">
      <string>https://marketplace.eclipse.org#5578792</string>
     </void>
    </object>
   </void>
   <void method="put">
    <string>org.eclipse.jst.enterprise_ui.feature</string>
    <object class="java.util.ArrayList">
     <void method="add">
      <string>https://marketplace.eclipse.org#2963451</string>
     </void>
    </object>
   </void>
   <void method="put">
    <string>org.wso2.developerstudio.eclipse.distribution.project.feature</string>
    <object class="java.util.ArrayList">
     <void method="add">
      <string>https://marketplace.eclipse.org#296419</string>
     </void>
    </object>
   </void>
   <void method="put">
    <string>org.wso2.developerstudio.eclipse.analytics.artifact.feature</string>
    <object class="java.util.ArrayList">
     <void method="add">
      <string>https://marketplace.eclipse.org#296419</string>
     </void>
    </object>
   </void>
   <void method="put">
    <string>org.eclipse.jgit</string>
    <object class="java.util.ArrayList">
     <void method="add">
      <string>https://marketplace.eclipse.org#1336</string>
     </void>
    </object>
   </void>
   <void method="put">
    <string>org.eclipse.jpt.jaxb.feature</string>
    <object class="java.util.ArrayList">
     <void method="add">
      <string>https://marketplace.eclipse.org#2963451</string>
     </void>
    </object>
   </void>
   <void method="put">
    <string>org.eclipse.jst.ws.jaxws.dom.feature</string>
    <object class="java.util.ArrayList">
     <void method="add">
      <string>https://marketplace.eclipse.org#2963451</string>
     </void>
    </object>
   </void>
   <void method="put">
    <string>org.eclipse.jst.ws.axis2tools.feature</string>
    <object class="java.util.ArrayList">
     <void method="add">
      <string>https://marketplace.eclipse.org#2963451</string>
     </void>
    </object>
   </void>
   <void method="put">
    <string>org.jkiss.dbeaver.git.feature</string>
    <object class="java.util.ArrayList">
     <void method="add">
      <string>https://marketplace.eclipse.org#4708777</string>
     </void>
    </object>
   </void>
   <void method="put">
    <string>org.wso2.developerstudio.eclipse.apim.feature</string>
    <object class="java.util.ArrayList">
     <void method="add">
      <string>https://marketplace.eclipse.org#296419</string>
     </void>
    </object>
   </void>
   <void method="put">
    <string>org.wso2.developerstudio.eclipse.registry.connector.feature</string>
    <object class="java.util.ArrayList">
     <void method="add">
      <string>https://marketplace.eclipse.org#296419</string>
     </void>
    </object>
   </void>
   <void method="put">
    <string>org.eclipse.jst.server_adapters.ext.feature</string>
    <object class="java.util.ArrayList">
     <void method="add">
      <string>https://marketplace.eclipse.org#2963451</string>
     </void>
    </object>
   </void>
   <void method="put">
    <string>de.empri.devops.gitprivacy.feature.feature.group</string>
    <object class="java.util.ArrayList">
     <void method="add">
      <string>https://marketplace.eclipse.org#5163054</string>
     </void>
    </object>
   </void>
   <void method="put">
    <string>org.wso2.developerstudio.eclipse.carbonserver.44.feature</string>
    <object class="java.util.ArrayList">
     <void method="add">
      <string>https://marketplace.eclipse.org#296419</string>
     </void>
    </object>
   </void>
   <void method="put">
    <string>org.eclipse.jpt.jpa.eclipselink.feature</string>
    <object class="java.util.ArrayList">
     <void method="add">
      <string>https://marketplace.eclipse.org#2963451</string>
     </void>
    </object>
   </void>
   <void method="put">
    <string>de.bastiankrol.startexplorer.feature</string>
    <object class="java.util.ArrayList">
     <void method="add">
      <string>https://marketplace.eclipse.org#1451713</string>
     </void>
    </object>
   </void>
   <void method="put">
    <string>org.nodeclipse.enide.maven.feature</string>
    <object class="java.util.ArrayList">
     <void method="add">
      <string>https://marketplace.eclipse.org#1451713</string>
     </void>
    </object>
   </void>
   <void method="put">
    <string>com.genuitec.eclipse.code.pack.angular</string>
    <object class="java.util.ArrayList">
     <void method="add">
      <string>https://marketplace.eclipse.org#3157661</string>
     </void>
    </object>
   </void>
   <void method="put">
    <string>com.codeaffine.eclipse.ui.swt.theme.feature</string>
    <object class="java.util.ArrayList">
     <void method="add">
      <string>https://marketplace.eclipse.org#2588223</string>
     </void>
    </object>
   </void>
   <void method="put">
    <string>org.eclipse.linuxtools.rpm</string>
    <object class="java.util.ArrayList">
     <void method="add">
      <string>https://marketplace.eclipse.org#4529724</string>
     </void>
    </object>
   </void>
   <void method="put">
    <string>org.eclipse.egit.gitflow.feature</string>
    <object class="java.util.ArrayList">
     <void method="add">
      <string>https://marketplace.eclipse.org#1336</string>
     </void>
     <void method="add">
      <string>https://marketplace.eclipse.org#2433251</string>
     </void>
     <void method="add">
      <string>https://marketplace.eclipse.org#2963451</string>
     </void>
    </object>
   </void>
   <void method="put">
    <string>com.ibm.ws.appconversion_feature.weblogic</string>
    <object class="java.util.ArrayList">
     <void method="add">
      <string>https://marketplace.eclipse.org#1744576</string>
     </void>
     <void method="add">
      <string>https://marketplace.eclipse.org#292930</string>
     </void>
    </object>
   </void>
   <void method="put">
    <string>com.tulin.v8.tomcat.feature</string>
    <object class="java.util.ArrayList">
     <void method="add">
      <string>https://marketplace.eclipse.org#5466625</string>
     </void>
    </object>
   </void>
   <void method="put">
    <string>com.tulin.v8.vue.ui.feature</string>
    <object class="java.util.ArrayList">
     <void method="add">
      <string>https://marketplace.eclipse.org#5466625</string>
     </void>
    </object>
   </void>
   <void method="put">
    <string>org.eclipse.andmore.traceview.feature</string>
    <object class="java.util.ArrayList">
     <void method="add">
      <string>https://marketplace.eclipse.org#2606339</string>
     </void>
    </object>
   </void>
   <void method="put">
    <string>org.junit.tools.feature</string>
    <object class="java.util.ArrayList">
     <void method="add">
      <string>https://marketplace.eclipse.org#2670402</string>
     </void>
    </object>
   </void>
   <void method="put">
    <string>com.microsoft.azuretools.springcloud.feature</string>
    <object class="java.util.ArrayList">
     <void method="add">
      <string>https://marketplace.eclipse.org#1919278</string>
     </void>
    </object>
   </void>
   <void method="put">
    <string>org.eclipse.mylyn.wikitext.editors_feature</string>
    <object class="java.util.ArrayList">
     <void method="add">
      <string>https://marketplace.eclipse.org#2963451</string>
     </void>
    </object>
   </void>
   <void method="put">
    <string>org.wso2.developerstudio.eclipse.appfactory.feature</string>
    <object class="java.util.ArrayList">
     <void method="add">
      <string>https://marketplace.eclipse.org#296419</string>
     </void>
    </object>
   </void>
   <void method="put">
    <string>org.eclipse.m2e.wtp.jpa.feature</string>
    <object class="java.util.ArrayList">
     <void method="add">
      <string>https://marketplace.eclipse.org#2963451</string>
     </void>
    </object>
   </void>
   <void method="put">
    <string>org.wso2.developerstudio.eclipse.brs.artifact.feature</string>
    <object class="java.util.ArrayList">
     <void method="add">
      <string>https://marketplace.eclipse.org#296419</string>
     </void>
    </object>
   </void>
   <void method="put">
    <string>org.wso2.developerstudio.eclipse.carbonserver.32.feature</string>
    <object class="java.util.ArrayList">
     <void method="add">
      <string>https://marketplace.eclipse.org#296419</string>
     </void>
    </object>
   </void>
   <void method="put">
    <string>org.eclipse.m2e.logback.feature</string>
    <object class="java.util.ArrayList">
     <void method="add">
      <string>https://marketplace.eclipse.org#2963451</string>
     </void>
    </object>
   </void>
   <void method="put">
    <string>org.wso2.developerstudio.eclipse.carbonserver.remote.feature</string>
    <object class="java.util.ArrayList">
     <void method="add">
      <string>https://marketplace.eclipse.org#296419</string>
     </void>
    </object>
   </void>
   <void method="put">
    <string>org.eclipse.wst.xml_ui.feature</string>
    <object class="java.util.ArrayList">
     <void method="add">
      <string>https://marketplace.eclipse.org#2963451</string>
     </void>
    </object>
   </void>
   <void method="put">
    <string>com.gwtplugins.eclipse.sdkbundle.gwt28.feature</string>
    <object class="java.util.ArrayList">
     <void method="add">
      <string>https://marketplace.eclipse.org#5579576</string>
     </void>
    </object>
   </void>
   <void method="put">
    <string>org.wso2.developerstudio.eclipse.framework.samples.feature</string>
    <object class="java.util.ArrayList">
     <void method="add">
      <string>https://marketplace.eclipse.org#296419</string>
     </void>
    </object>
   </void>
   <void method="put">
    <string>gr.uom.java.jdeodorant</string>
    <object class="java.util.ArrayList">
     <void method="add">
      <string>https://marketplace.eclipse.org#593</string>
     </void>
    </object>
   </void>
   <void method="put">
    <string>com.hybris.hyeclipse.feature</string>
    <object class="java.util.ArrayList">
     <void method="add">
      <string>https://marketplace.eclipse.org#3565771</string>
     </void>
    </object>
   </void>
   <void method="put">
    <string>org.eclipse.wst.web_js_support.feature</string>
    <object class="java.util.ArrayList">
     <void method="add">
      <string>https://marketplace.eclipse.org#2963451</string>
     </void>
    </object>
   </void>
   <void method="put">
    <string>org.wso2.developerstudio.eclipse.ds.feature</string>
    <object class="java.util.ArrayList">
     <void method="add">
      <string>https://marketplace.eclipse.org#296419</string>
     </void>
    </object>
   </void>
   <void method="put">
    <string>org.eclipse.jst.ws.jaxws.feature</string>
    <object class="java.util.ArrayList">
     <void method="add">
      <string>https://marketplace.eclipse.org#2963451</string>
     </void>
    </object>
   </void>
   <void method="put">
    <string>com.ibm.ws.configmigration.tomcat_feature</string>
    <object class="java.util.ArrayList">
     <void method="add">
      <string>https://marketplace.eclipse.org#1744576</string>
     </void>
     <void method="add">
      <string>https://marketplace.eclipse.org#292930</string>
     </void>
    </object>
   </void>
   <void method="put">
    <string>org.wso2.developerstudio.eclipse.esb.artifact.feature</string>
    <object class="java.util.ArrayList">
     <void method="add">
      <string>https://marketplace.eclipse.org#296419</string>
     </void>
    </object>
   </void>
   <void method="put">
    <string>pm.eclipse.editbox.feature</string>
    <object class="java.util.ArrayList">
     <void method="add">
      <string>https://marketplace.eclipse.org#1451713</string>
     </void>
    </object>
   </void>
   <void method="put">
    <string>org.wso2.developerstudio.eclipse.gadget.artifact.feature</string>
    <object class="java.util.ArrayList">
     <void method="add">
      <string>https://marketplace.eclipse.org#296419</string>
     </void>
    </object>
   </void>
   <void method="put">
    <string>org.eclipse.eclemma.feature</string>
    <object class="java.util.ArrayList">
     <void method="add">
      <string>https://marketplace.eclipse.org#2963451</string>
     </void>
    </object>
   </void>
   <void method="put">
    <string>com.github.spotbugs.plugin.eclipse</string>
    <object class="java.util.ArrayList">
     <void method="add">
      <string>https://marketplace.eclipse.org#3519199</string>
     </void>
    </object>
   </void>
   <void method="put">
    <string>com.genuitec.eclipse.code.pack.php</string>
    <object class="java.util.ArrayList">
     <void method="add">
      <string>https://marketplace.eclipse.org#4043068</string>
     </void>
    </object>
   </void>
   <void method="put">
    <string>com.tulin.v8.ide.feature</string>
    <object class="java.util.ArrayList">
     <void method="add">
      <string>https://marketplace.eclipse.org#5466625</string>
     </void>
    </object>
   </void>
   <void method="put">
    <string>org.eclipse.wst.json_ui.feature</string>
    <object class="java.util.ArrayList">
     <void method="add">
      <string>https://marketplace.eclipse.org#2963451</string>
     </void>
    </object>
   </void>
   <void method="put">
    <string>com.devepos.adt.searchandanalysistools</string>
    <object class="java.util.ArrayList">
     <void method="add">
      <string>https://marketplace.eclipse.org#4876278</string>
     </void>
    </object>
   </void>
   <void method="put">
    <string>org.eclipse.jst.server_adapters.feature</string>
    <object class="java.util.ArrayList">
     <void method="add">
      <string>https://marketplace.eclipse.org#2963451</string>
     </void>
    </object>
   </void>
   <void method="put">
    <string>org.eclipse.m2e.feature</string>
    <object class="java.util.ArrayList">
     <void method="add">
      <string>https://marketplace.eclipse.org#5321178</string>
     </void>
    </object>
   </void>
   <void method="put">
    <string>org.eclipse.andmore.ndk.feature</string>
    <object class="java.util.ArrayList">
     <void method="add">
      <string>https://marketplace.eclipse.org#2606339</string>
     </void>
    </object>
   </void>
   <void method="put">
    <string> org.eclipse.m2e.pde.feature</string>
    <object class="java.util.ArrayList">
     <void method="add">
      <string>https://marketplace.eclipse.org#5321178</string>
     </void>
    </object>
   </void>
   <void method="put">
    <string>avroclipse.generator.avpr</string>
    <object class="java.util.ArrayList">
     <void method="add">
      <string>https://marketplace.eclipse.org#2600501</string>
     </void>
    </object>
   </void>
   <void method="put">
    <string>com.genuitec.eclipse.code.pack.vue</string>
    <object class="java.util.ArrayList">
     <void method="add">
      <string>https://marketplace.eclipse.org#4043127</string>
     </void>
    </object>
   </void>
   <void method="put">
    <string>com.hpe.fortify.complete.collab</string>
    <object class="java.util.ArrayList">
     <void method="add">
      <string>https://marketplace.eclipse.org#5894817</string>
     </void>
    </object>
   </void>
   <void method="put">
    <string>org.eclipse.andmore.gldebugger.feature</string>
    <object class="java.util.ArrayList">
     <void method="add">
      <string>https://marketplace.eclipse.org#2606339</string>
     </void>
    </object>
   </void>
   <void method="put">
    <string>org.eclipse.epp.mpc</string>
    <object class="java.util.ArrayList">
     <void method="add">
      <string>https://marketplace.eclipse.org#4123770</string>
     </void>
    </object>
   </void>
   <void method="put">
    <string>com.tulin.v8.webtools.feature</string>
    <object class="java.util.ArrayList">
     <void method="add">
      <string>https://marketplace.eclipse.org#5466625</string>
     </void>
    </object>
   </void>
   <void method="put">
    <string>com.genuitec.eclipse.code.extended.feature</string>
    <object class="java.util.ArrayList">
     <void method="add">
      <string>https://marketplace.eclipse.org#4008412</string>
     </void>
     <void method="add">
      <string>https://marketplace.eclipse.org#4043040</string>
     </void>
     <void method="add">
      <string>https://marketplace.eclipse.org#4043160</string>
     </void>
     <void method="add">
      <string>https://marketplace.eclipse.org#4043068</string>
     </void>
     <void method="add">
      <string>https://marketplace.eclipse.org#3083980</string>
     </void>
     <void method="add">
      <string>https://marketplace.eclipse.org#4043127</string>
     </void>
     <void method="add">
      <string>https://marketplace.eclipse.org#3157661</string>
     </void>
    </object>
   </void>
   <void method="put">
    <string>org.eclipse.shellwax.feature</string>
    <object class="java.util.ArrayList">
     <void method="add">
      <string>https://marketplace.eclipse.org#4528322</string>
     </void>
    </object>
   </void>
   <void method="put">
    <string>com.hpe.fortify.complete.audit</string>
    <object class="java.util.ArrayList">
     <void method="add">
      <string>https://marketplace.eclipse.org#5894817</string>
     </void>
    </object>
   </void>
   <void method="put">
    <string>org.eclipse.wst.server_adapters.feature</string>
    <object class="java.util.ArrayList">
     <void method="add">
      <string>https://marketplace.eclipse.org#2963451</string>
     </void>
    </object>
   </void>
   <void method="put">
    <string>com.microsoft.applicationinsights.feature</string>
    <object class="java.util.ArrayList">
     <void method="add">
      <string>https://marketplace.eclipse.org#1919278</string>
     </void>
    </object>
   </void>
   <void method="put">
    <string>org.smooks.edi.editor-feature</string>
    <object class="java.util.ArrayList">
     <void method="add">
      <string>https://marketplace.eclipse.org#296419</string>
     </void>
    </object>
   </void>
   <void method="put">
    <string>com.microsoft.azuretools.azureexplorer.feature</string>
    <object class="java.util.ArrayList">
     <void method="add">
      <string>https://marketplace.eclipse.org#1919278</string>
     </void>
    </object>
   </void>
   <void method="put">
    <string>org.eclipse.m2e.wtp.jaxrs.feature</string>
    <object class="java.util.ArrayList">
     <void method="add">
      <string>https://marketplace.eclipse.org#2963451</string>
     </void>
    </object>
   </void>
   <void method="put">
    <string>com.gwtplugins.eclipse.sdkbundle.gwt29.feature</string>
    <object class="java.util.ArrayList">
     <void method="add">
      <string>https://marketplace.eclipse.org#5579576</string>
     </void>
    </object>
   </void>
   <void method="put">
    <string>org.eclipse.jgit.ssh.apache</string>
    <object class="java.util.ArrayList">
     <void method="add">
      <string>https://marketplace.eclipse.org#1336</string>
     </void>
    </object>
   </void>
   <void method="put">
    <string>com.microsoft.azuretools.sdk.feature</string>
    <object class="java.util.ArrayList">
     <void method="add">
      <string>https://marketplace.eclipse.org#1919278</string>
     </void>
    </object>
   </void>
   <void method="put">
    <string>com.genuitec.eclipse.code.angular.feature</string>
    <object class="java.util.ArrayList">
     <void method="add">
      <string>https://marketplace.eclipse.org#4008412</string>
     </void>
    </object>
   </void>
   <void method="put">
    <string>io.github.pyvesb.notepad4e</string>
    <object class="java.util.ArrayList">
     <void method="add">
      <string>https://marketplace.eclipse.org#3108021</string>
     </void>
    </object>
   </void>
   <void method="put">
    <string>org.eclipse.andmore.android.basic.feature</string>
    <object class="java.util.ArrayList">
     <void method="add">
      <string>https://marketplace.eclipse.org#2606339</string>
     </void>
    </object>
   </void>
   <void method="put">
    <string>com.microsoft.sqljdbc4.feature</string>
    <object class="java.util.ArrayList">
     <void method="add">
      <string>https://marketplace.eclipse.org#1919278</string>
     </void>
    </object>
   </void>
   <void method="put">
    <string>org.wso2.developerstudio.eclipse.capp.framework.feature</string>
    <object class="java.util.ArrayList">
     <void method="add">
      <string>https://marketplace.eclipse.org#296419</string>
     </void>
    </object>
   </void>
   <void method="put">
    <string>org.eclipse.jst.jsf.apache.trinidad.tagsupport.feature</string>
    <object class="java.util.ArrayList">
     <void method="add">
      <string>https://marketplace.eclipse.org#2963451</string>
     </void>
    </object>
   </void>
   <void method="put">
    <string>org.wso2.developerstudio.eclipse.ds.artifact.feature</string>
    <object class="java.util.ArrayList">
     <void method="add">
      <string>https://marketplace.eclipse.org#296419</string>
     </void>
    </object>
   </void>
   <void method="put">
    <string>com.gwtplugins.eclipse.sdkbundle.gwt210.feature</string>
    <object class="java.util.ArrayList">
     <void method="add">
      <string>https://marketplace.eclipse.org#5579576</string>
     </void>
    </object>
   </void>
   <void method="put">
    <string>com.is2t.microej.sdk.feature</string>
    <object class="java.util.ArrayList">
     <void method="add">
      <string>https://marketplace.eclipse.org#5722037</string>
     </void>
    </object>
   </void>
   <void method="put">
    <string>org.wso2.developerstudio.eclipse.carbonserver.42.feature</string>
    <object class="java.util.ArrayList">
     <void method="add">
      <string>https://marketplace.eclipse.org#296419</string>
     </void>
    </object>
   </void>
   <void method="put">
    <string>org.eclipse.tips.feature</string>
    <object class="java.util.ArrayList">
     <void method="add">
      <string>https://marketplace.eclipse.org#2963451</string>
     </void>
    </object>
   </void>
   <void method="put">
    <string>org.wso2.developerstudio.eclipse.gs.jaggery.feature</string>
    <object class="java.util.ArrayList">
     <void method="add">
      <string>https://marketplace.eclipse.org#296419</string>
     </void>
    </object>
   </void>
   <void method="put">
    <string>com.ibm.ws.appconversion_feature.jboss</string>
    <object class="java.util.ArrayList">
     <void method="add">
      <string>https://marketplace.eclipse.org#1744576</string>
     </void>
     <void method="add">
      <string>https://marketplace.eclipse.org#292930</string>
     </void>
    </object>
   </void>
   <void method="put">
    <string>com.microsoft.azuretools.appservice.feature</string>
    <object class="java.util.ArrayList">
     <void method="add">
      <string>https://marketplace.eclipse.org#1919278</string>
     </void>
    </object>
   </void>
   <void method="put">
    <string>org.eclipse.tm.terminal.feature</string>
    <object class="java.util.ArrayList">
     <void method="add">
      <string>https://marketplace.eclipse.org#2963451</string>
     </void>
    </object>
   </void>
   <void method="put">
    <string>com.genuitec.eclipse.code.pack.typescript</string>
    <object class="java.util.ArrayList">
     <void method="add">
      <string>https://marketplace.eclipse.org#3083980</string>
     </void>
    </object>
   </void>
   <void method="put">
    <string>com.genuitec.eclipse.code.pack.python</string>
    <object class="java.util.ArrayList">
     <void method="add">
      <string>https://marketplace.eclipse.org#4043040</string>
     </void>
    </object>
   </void>
   <void method="put">
    <string>io.github.danthe1st.eclipse2gdocs.feature</string>
    <object class="java.util.ArrayList">
     <void method="add">
      <string>https://marketplace.eclipse.org#5549611</string>
     </void>
    </object>
   </void>
   <void method="put">
    <string>org.eclipse.wst.server_ui.feature</string>
    <object class="java.util.ArrayList">
     <void method="add">
      <string>https://marketplace.eclipse.org#2963451</string>
     </void>
    </object>
   </void>
   <void method="put">
    <string>org.eclipse.jpt.common.eclipselink.feature</string>
    <object class="java.util.ArrayList">
     <void method="add">
      <string>https://marketplace.eclipse.org#2963451</string>
     </void>
    </object>
   </void>
   <void method="put">
    <string>org.wso2.developerstudio.eclipse.carbonserver.30.feature</string>
    <object class="java.util.ArrayList">
     <void method="add">
      <string>https://marketplace.eclipse.org#296419</string>
     </void>
    </object>
   </void>
   <void method="put">
    <string>com.genuitec.eclipse.code.slack.feature</string>
    <object class="java.util.ArrayList">
     <void method="add">
      <string>https://marketplace.eclipse.org#4008412</string>
     </void>
     <void method="add">
      <string>https://marketplace.eclipse.org#4043040</string>
     </void>
     <void method="add">
      <string>https://marketplace.eclipse.org#4043160</string>
     </void>
     <void method="add">
      <string>https://marketplace.eclipse.org#4043068</string>
     </void>
     <void method="add">
      <string>https://marketplace.eclipse.org#3083980</string>
     </void>
     <void method="add">
      <string>https://marketplace.eclipse.org#4043127</string>
     </void>
     <void method="add">
      <string>https://marketplace.eclipse.org#2582095</string>
     </void>
     <void method="add">
      <string>https://marketplace.eclipse.org#3157661</string>
     </void>
    </object>
   </void>
   <void method="put">
    <string>org.wso2.developerstudio.eclipse.appserver.feature</string>
    <object class="java.util.ArrayList">
     <void method="add">
      <string>https://marketplace.eclipse.org#296419</string>
     </void>
    </object>
   </void>
   <void method="put">
    <string>org.wso2.developerstudio.eclipse.usermgt.core.feature</string>
    <object class="java.util.ArrayList">
     <void method="add">
      <string>https://marketplace.eclipse.org#296419</string>
     </void>
    </object>
   </void>
   <void method="put">
    <string>avroclipse.generator.java</string>
    <object class="java.util.ArrayList">
     <void method="add">
      <string>https://marketplace.eclipse.org#2600501</string>
     </void>
    </object>
   </void>
   <void method="put">
    <string>dev.jbang.eclipse.feature</string>
    <object class="java.util.ArrayList">
     <void method="add">
      <string>https://marketplace.eclipse.org#5391163</string>
     </void>
    </object>
   </void>
   <void method="put">
    <string>net.sf.eclipse.tomcat.feature.feature.group</string>
    <object class="java.util.ArrayList">
     <void method="add">
      <string>https://marketplace.eclipse.org#1963651</string>
     </void>
    </object>
   </void>
   <void method="put">
    <string>org.eclipse.jst.web_js_support.feature</string>
    <object class="java.util.ArrayList">
     <void method="add">
      <string>https://marketplace.eclipse.org#2963451</string>
     </void>
    </object>
   </void>
   <void method="put">
    <string>com.genuitec.eclipse.code.pack.react</string>
    <object class="java.util.ArrayList">
     <void method="add">
      <string>https://marketplace.eclipse.org#4043160</string>
     </void>
    </object>
   </void>
   <void method="put">
    <string>com.experitest.stae</string>
    <object class="java.util.ArrayList">
     <void method="add">
      <string>https://marketplace.eclipse.org#3879315</string>
     </void>
    </object>
   </void>
   <void method="put">
    <string>org.nodeclipse.pluginslist.feature</string>
    <object class="java.util.ArrayList">
     <void method="add">
      <string>https://marketplace.eclipse.org#1076754</string>
     </void>
     <void method="add">
      <string>https://marketplace.eclipse.org#1473856</string>
     </void>
     <void method="add">
      <string>https://marketplace.eclipse.org#1451713</string>
     </void>
    </object>
   </void>
  </void>
  <void property="nodeKeyToIU">
   <void method="put">
    <string>https://marketplace.eclipse.org#4876278</string>
    <object class="java.util.ArrayList">
     <void method="add">
      <string>com.devepos.adt.searchandanalysistools</string>
     </void>
    </object>
   </void>
   <void method="put">
    <string>https://marketplace.eclipse.org#3795176</string>
    <object class="java.util.ArrayList">
     <void method="add">
      <string>xtext.anbx.feature</string>
     </void>
    </object>
   </void>
   <void method="put">
    <string>https://marketplace.eclipse.org#4008412</string>
    <object class="java.util.ArrayList">
     <void method="add">
      <string>com.genuitec.eclipse.code.feature</string>
     </void>
     <void method="add">
      <string>com.genuitec.eclipse.code.angular.feature</string>
     </void>
     <void method="add">
      <string>com.genuitec.eclipse.code.extended.feature</string>
     </void>
     <void method="add">
      <string>com.genuitec.eclipse.code.livepreview.feature</string>
     </void>
     <void method="add">
      <string>com.genuitec.eclipse.code.navigation.feature</string>
     </void>
     <void method="add">
      <string>com.genuitec.eclipse.code.slack.feature</string>
     </void>
    </object>
   </void>
   <void method="put">
    <string>https://marketplace.eclipse.org#4805355</string>
    <object class="java.util.ArrayList">
     <void method="add">
      <string>com.genuitec.eclipse.code.pack.go</string>
     </void>
     <void method="add">
      <string>com.genuitec.eclipse.code.feature</string>
     </void>
    </object>
   </void>
   <void method="put">
    <string>https://marketplace.eclipse.org#974</string>
    <object class="java.util.ArrayList">
     <void method="add">
      <string>de.anbos.eclipse.easyshell.feature</string>
     </void>
    </object>
   </void>
   <void method="put">
    <string>https://marketplace.eclipse.org#3157661</string>
    <object class="java.util.ArrayList">
     <void method="add">
      <string>com.genuitec.eclipse.code.angularide.feature</string>
     </void>
     <void method="add">
      <string>com.genuitec.eclipse.code.feature</string>
     </void>
     <void method="add">
      <string>com.genuitec.eclipse.code.navigation.feature</string>
     </void>
     <void method="add">
      <string>com.genuitec.eclipse.code.slack.feature</string>
     </void>
     <void method="add">
      <string>com.genuitec.eclipse.code.extended.feature</string>
     </void>
     <void method="add">
      <string>com.genuitec.eclipse.code.pack.angular</string>
     </void>
    </object>
   </void>
   <void method="put">
    <string>https://marketplace.eclipse.org#5578890</string>
    <object class="java.util.ArrayList">
     <void method="add">
      <string>org.eclipse.wildwebdeveloper.feature</string>
     </void>
     <void method="add">
      <string>org.eclipse.wildwebdeveloper.embedder.node.feature</string>
     </void>
    </object>
   </void>
   <void method="put">
    <string>https://marketplace.eclipse.org#5391163</string>
    <object class="java.util.ArrayList">
     <void method="add">
      <string>dev.jbang.eclipse.feature</string>
     </void>
    </object>
   </void>
   <void method="put">
    <string>https://marketplace.eclipse.org#2606339</string>
    <object class="java.util.ArrayList">
     <void method="add">
      <string>org.eclipse.andmore.android.basic.feature</string>
     </void>
     <void method="add">
      <string>org.eclipse.andmore.ndk.feature</string>
     </void>
     <void method="add">
      <string>org.eclipse.andmore.hierarchyviewer.feature</string>
     </void>
     <void method="add">
      <string>org.eclipse.andmore.traceview.feature</string>
     </void>
     <void method="add">
      <string>org.eclipse.andmore.gldebugger.feature</string>
     </void>
    </object>
   </void>
   <void method="put">
    <string>https://marketplace.eclipse.org#2947177</string>
    <object class="java.util.ArrayList">
     <void method="add">
      <string>net.certiv.xvisitordt.feature</string>
     </void>
    </object>
   </void>
   <void method="put">
    <string>https://marketplace.eclipse.org#4043068</string>
    <object class="java.util.ArrayList">
     <void method="add">
      <string>com.genuitec.eclipse.code.pack.php</string>
     </void>
     <void method="add">
      <string>com.genuitec.eclipse.code.feature</string>
     </void>
     <void method="add">
      <string>com.genuitec.eclipse.code.extended.feature</string>
     </void>
     <void method="add">
      <string>com.genuitec.eclipse.code.navigation.feature</string>
     </void>
     <void method="add">
      <string>com.genuitec.eclipse.code.slack.feature</string>
     </void>
    </object>
   </void>
   <void method="put">
    <string>https://marketplace.eclipse.org#1473856</string>
    <object class="java.util.ArrayList">
     <void method="add">
      <string>org.nodeclipse.pluginslist.feature</string>
     </void>
    </object>
   </void>
   <void method="put">
    <string>https://marketplace.eclipse.org#2588223</string>
    <object class="java.util.ArrayList">
     <void method="add">
      <string>com.codeaffine.eclipse.ui.swt.theme.feature</string>
     </void>
    </object>
   </void>
   <void method="put">
    <string>https://marketplace.eclipse.org#1963651</string>
    <object class="java.util.ArrayList">
     <void method="add">
      <string>net.sf.eclipse.tomcat.feature.feature.group</string>
     </void>
    </object>
   </void>
   <void method="put">
    <string>https://marketplace.eclipse.org#5163054</string>
    <object class="java.util.ArrayList">
     <void method="add">
      <string>de.empri.devops.gitprivacy.feature.feature.group</string>
     </void>
    </object>
   </void>
   <void method="put">
    <string>https://marketplace.eclipse.org#5549611</string>
    <object class="java.util.ArrayList">
     <void method="add">
      <string>io.github.danthe1st.eclipse2gdocs.feature</string>
     </void>
    </object>
   </void>
   <void method="put">
    <string>https://marketplace.eclipse.org#5466625</string>
    <object class="java.util.ArrayList">
     <void method="add">
      <string>com.tulin.v8.ide.feature</string>
     </void>
     <void method="add">
      <string>com.tulin.v8.webtools.feature</string>
     </void>
     <void method="add">
      <string>com.tulin.v8.markdown.feature</string>
     </void>
     <void method="add">
      <string>com.tulin.v8.vue.ui.feature</string>
     </void>
     <void method="add">
      <string>com.tulin.v8.tomcat.feature</string>
     </void>
    </object>
   </void>
   <void method="put">
    <string>https://marketplace.eclipse.org#296419</string>
    <object class="java.util.ArrayList">
     <void method="add">
      <string>org.wso2.developerstudio.eclipse.appfactory.feature</string>
     </void>
     <void method="add">
      <string>org.wso2.developerstudio.eclipse.appserver.artifact.feature</string>
     </void>
     <void method="add">
      <string>org.wso2.developerstudio.eclipse.appserver.feature</string>
     </void>
     <void method="add">
      <string>org.wso2.developerstudio.eclipse.artifact.library.feature</string>
     </void>
     <void method="add">
      <string>org.wso2.developerstudio.eclipse.bpel.feature</string>
     </void>
     <void method="add">
      <string>org.wso2.developerstudio.eclipse.bpel.artifact.feature</string>
     </void>
     <void method="add">
      <string>org.wso2.developerstudio.eclipse.brs.artifact.feature</string>
     </void>
     <void method="add">
      <string>org.wso2.developerstudio.eclipse.capp.framework.feature</string>
     </void>
     <void method="add">
      <string>org.wso2.developerstudio.eclipse.carbon.uibundle.artifact.feature</string>
     </void>
     <void method="add">
      <string>org.wso2.developerstudio.eclipse.carbonserver.30.feature</string>
     </void>
     <void method="add">
      <string>org.wso2.developerstudio.eclipse.carbonserver.31.feature</string>
     </void>
     <void method="add">
      <string>org.wso2.developerstudio.eclipse.carbonserver.32.feature</string>
     </void>
     <void method="add">
      <string>org.wso2.developerstudio.eclipse.carbonserver.40.feature</string>
     </void>
     <void method="add">
      <string>org.wso2.developerstudio.eclipse.carbonserver.42.feature</string>
     </void>
     <void method="add">
      <string>org.wso2.developerstudio.eclipse.carbonserver.44.feature</string>
     </void>
     <void method="add">
      <string>org.wso2.developerstudio.eclipse.carbonserver.remote.feature</string>
     </void>
     <void method="add">
      <string>org.wso2.developerstudio.eclipse.distribution.project.feature</string>
     </void>
     <void method="add">
      <string>org.wso2.developerstudio.eclipse.ds.artifact.feature</string>
     </void>
     <void method="add">
      <string>org.wso2.developerstudio.eclipse.ds.feature</string>
     </void>
     <void method="add">
      <string>org.wso2.developerstudio.eclipse.esb.artifact.feature</string>
     </void>
     <void method="add">
      <string>org.wso2.developerstudio.eclipse.esb.graphical.editor.feature</string>
     </void>
     <void method="add">
      <string>org.wso2.developerstudio.eclipse.framework.core.feature</string>
     </void>
     <void method="add">
      <string>org.wso2.developerstudio.eclipse.framework.samples.feature</string>
     </void>
     <void method="add">
      <string>org.wso2.developerstudio.eclipse.gadget.artifact.feature</string>
     </void>
     <void method="add">
      <string>org.wso2.developerstudio.eclipse.gs.jaggery.feature</string>
     </void>
     <void method="add">
      <string>org.wso2.developerstudio.eclipse.jaggery.artifact.feature</string>
     </void>
     <void method="add">
      <string>org.wso2.developerstudio.eclipse.security.artifact.feature</string>
     </void>
     <void method="add">
      <string>org.wso2.developerstudio.eclipse.registry.artifact.feature</string>
     </void>
     <void method="add">
      <string>org.wso2.developerstudio.eclipse.registry.connector.feature</string>
     </void>
     <void method="add">
      <string>org.wso2.developerstudio.eclipse.registry.feature</string>
     </void>
     <void method="add">
      <string>org.wso2.developerstudio.eclipse.server.framework.feature</string>
     </void>
     <void method="add">
      <string>org.wso2.developerstudio.eclipse.usermgt.core.feature</string>
     </void>
     <void method="add">
      <string>org.jboss.tools.smooks.feature</string>
     </void>
     <void method="add">
      <string>org.smooks.edi.editor-feature</string>
     </void>
     <void method="add">
      <string>org.wso2.soapui.feature</string>
     </void>
     <void method="add">
      <string>org.wso2.tcpmon.feature</string>
     </void>
     <void method="add">
      <string>org.wso2.developerstudio.eclipse.analytics.artifact.feature</string>
     </void>
     <void method="add">
      <string>org.wso2.developerstudio.eclipse.apim.feature</string>
     </void>
    </object>
   </void>
   <void method="put">
    <string>https://marketplace.eclipse.org#5786594</string>
    <object class="java.util.ArrayList">
     <void method="add">
      <string>ru.tensor.explain.eclipse.feature</string>
     </void>
    </object>
   </void>
   <void method="put">
    <string>https://marketplace.eclipse.org#292930</string>
    <object class="java.util.ArrayList">
     <void method="add">
      <string>com.ibm.ws.migrationtoolkit.cloud.feature</string>
     </void>
     <void method="add">
      <string>com.ibm.ws.appconversion_feature.was2was</string>
     </void>
     <void method="add">
      <string>com.ibm.ws.appconversion_feature.jboss</string>
     </void>
     <void method="add">
      <string>com.ibm.ws.appconversion_feature.oracle</string>
     </void>
     <void method="add">
      <string>com.ibm.ws.appconversion_feature.tomcat</string>
     </void>
     <void method="add">
      <string>com.ibm.ws.appconversion_feature.weblogic</string>
     </void>
     <void method="add">
      <string>com.ibm.ws.configmigration.tomcat_feature</string>
     </void>
    </object>
   </void>
   <void method="put">
    <string>https://marketplace.eclipse.org#4043127</string>
    <object class="java.util.ArrayList">
     <void method="add">
      <string>com.genuitec.eclipse.code.pack.vue</string>
     </void>
     <void method="add">
      <string>com.genuitec.eclipse.code.feature</string>
     </void>
     <void method="add">
      <string>com.genuitec.eclipse.code.extended.feature</string>
     </void>
     <void method="add">
      <string>com.genuitec.eclipse.code.navigation.feature</string>
     </void>
     <void method="add">
      <string>com.genuitec.eclipse.code.slack.feature</string>
     </void>
    </object>
   </void>
   <void method="put">
    <string>https://marketplace.eclipse.org#4708777</string>
    <object class="java.util.ArrayList">
     <void method="add">
      <string>org.jkiss.dbeaver.git.feature</string>
     </void>
    </object>
   </void>
   <void method="put">
    <string>https://marketplace.eclipse.org#3108021</string>
    <object class="java.util.ArrayList">
     <void method="add">
      <string>io.github.pyvesb.notepad4e</string>
     </void>
    </object>
   </void>
   <void method="put">
    <string>https://marketplace.eclipse.org#5894817</string>
    <object class="java.util.ArrayList">
     <void method="add">
      <string>com.hpe.fortify.complete.audit</string>
     </void>
     <void method="add">
      <string>com.hpe.fortify.complete.analysis</string>
     </void>
     <void method="add">
      <string>com.hpe.fortify.complete.collab</string>
     </void>
    </object>
   </void>
   <void method="put">
    <string>https://marketplace.eclipse.org#1451713</string>
    <object class="java.util.ArrayList">
     <void method="add">
      <string>org.nodeclipse.pluginslist.feature</string>
     </void>
     <void method="add">
      <string>org.nodeclipse.enide.maven.feature</string>
     </void>
     <void method="add">
      <string>de.bastiankrol.startexplorer.feature</string>
     </void>
     <void method="add">
      <string>pm.eclipse.editbox.feature</string>
     </void>
    </object>
   </void>
   <void method="put">
    <string>https://marketplace.eclipse.org#2433251</string>
    <object class="java.util.ArrayList">
     <void method="add">
      <string>org.eclipse.egit.gitflow.feature</string>
     </void>
    </object>
   </void>
   <void method="put">
    <string>https://marketplace.eclipse.org#2600501</string>
    <object class="java.util.ArrayList">
     <void method="add">
      <string>avroclipse.sdk</string>
     </void>
     <void method="add">
      <string>avroclipse.generator.avpr</string>
     </void>
     <void method="add">
      <string>avroclipse.generator.java</string>
     </void>
    </object>
   </void>
   <void method="put">
    <string>https://marketplace.eclipse.org#4065142</string>
    <object class="java.util.ArrayList">
     <void method="add">
      <string>ru.taximaxim.codekeeper.feature</string>
     </void>
    </object>
   </void>
   <void method="put">
    <string>https://marketplace.eclipse.org#1919278</string>
    <object class="java.util.ArrayList">
     <void method="add">
      <string>com.microsoft.applicationinsights.feature</string>
     </void>
     <void method="add">
      <string>com.microsoft.azuretools.azureexplorer.feature</string>
     </void>
     <void method="add">
      <string>com.microsoft.azuretools.core.feature</string>
     </void>
     <void method="add">
      <string>com.microsoft.azuretools.hdinsight.feature</string>
     </void>
     <void method="add">
      <string>com.microsoft.azuretools.sdk.feature</string>
     </void>
     <void method="add">
      <string>com.microsoft.azuretools.appservice.feature</string>
     </void>
     <void method="add">
      <string>com.microsoft.sqljdbc4.feature</string>
     </void>
     <void method="add">
      <string>com.microsoft.azuretools.container.feature</string>
     </void>
     <void method="add">
      <string>com.microsoft.azuretools.springcloud.feature</string>
     </void>
    </object>
   </void>
   <void method="put">
    <string>https://marketplace.eclipse.org#4529724</string>
    <object class="java.util.ArrayList">
     <void method="add">
      <string>org.eclipse.linuxtools.rpm</string>
     </void>
    </object>
   </void>
   <void method="put">
    <string>https://marketplace.eclipse.org#593</string>
    <object class="java.util.ArrayList">
     <void method="add">
      <string>gr.uom.java.jdeodorant</string>
     </void>
    </object>
   </void>
   <void method="put">
    <string>https://marketplace.eclipse.org#2755329</string>
    <object class="java.util.ArrayList">
     <void method="add">
      <string>net.sourceforge.pmd.eclipse</string>
     </void>
    </object>
   </void>
   <void method="put">
    <string>https://marketplace.eclipse.org#2582095</string>
    <object class="java.util.ArrayList">
     <void method="add">
      <string>com.genuitec.eclipse.code.slack.feature</string>
     </void>
     <void method="add">
      <string>com.genuitec.eclipse.code.feature</string>
     </void>
    </object>
   </void>
   <void method="put">
    <string>https://marketplace.eclipse.org#3519199</string>
    <object class="java.util.ArrayList">
     <void method="add">
      <string>com.github.spotbugs.plugin.eclipse</string>
     </void>
    </object>
   </void>
   <void method="put">
    <string>https://marketplace.eclipse.org#3879315</string>
    <object class="java.util.ArrayList">
     <void method="add">
      <string>com.experitest.stae</string>
     </void>
    </object>
   </void>
   <void method="put">
    <string>https://marketplace.eclipse.org#4043040</string>
    <object class="java.util.ArrayList">
     <void method="add">
      <string>com.genuitec.eclipse.code.pack.python</string>
     </void>
     <void method="add">
      <string>com.genuitec.eclipse.code.feature</string>
     </void>
     <void method="add">
      <string>com.genuitec.eclipse.code.extended.feature</string>
     </void>
     <void method="add">
      <string>com.genuitec.eclipse.code.navigation.feature</string>
     </void>
     <void method="add">
      <string>com.genuitec.eclipse.code.slack.feature</string>
     </void>
    </object>
   </void>
   <void method="put">
    <string>https://marketplace.eclipse.org#3565771</string>
    <object class="java.util.ArrayList">
     <void method="add">
      <string>com.hybris.hyeclipse.feature</string>
     </void>
    </object>
   </void>
   <void method="put">
    <string>https://marketplace.eclipse.org#4043160</string>
    <object class="java.util.ArrayList">
     <void method="add">
      <string>com.genuitec.eclipse.code.pack.react</string>
     </void>
     <void method="add">
      <string>com.genuitec.eclipse.code.feature</string>
     </void>
     <void method="add">
      <string>com.genuitec.eclipse.code.extended.feature</string>
     </void>
     <void method="add">
      <string>com.genuitec.eclipse.code.navigation.feature</string>
     </void>
     <void method="add">
      <string>com.genuitec.eclipse.code.slack.feature</string>
     </void>
    </object>
   </void>
   <void method="put">
    <string>https://marketplace.eclipse.org#5578792</string>
    <object class="java.util.ArrayList">
     <void method="add">
      <string>org.eclipse.cdt</string>
     </void>
     <void method="add">
      <string>org.eclipse.cdt.cmake</string>
     </void>
     <void method="add">
      <string>org.eclipse.cdt.meson</string>
     </void>
     <void method="add">
      <string>org.eclipse.cdt.autotools</string>
     </void>
    </object>
   </void>
   <void method="put">
    <string>https://marketplace.eclipse.org#5633919</string>
    <object class="java.util.ArrayList">
     <void method="add">
      <string>io.typefox.langium.eclipse.feature</string>
     </void>
    </object>
   </void>
   <void method="put">
    <string>https://marketplace.eclipse.org#5464346</string>
    <object class="java.util.ArrayList">
     <void method="add">
      <string>ADT_Classic_Outline_Feature</string>
     </void>
    </object>
   </void>
   <void method="put">
    <string>https://marketplace.eclipse.org#3508787</string>
    <object class="java.util.ArrayList">
     <void method="add">
      <string>cn.ieclipse.smartqq.feature</string>
     </void>
    </object>
   </void>
   <void method="put">
    <string>https://marketplace.eclipse.org#2963451</string>
    <object class="java.util.ArrayList">
     <void method="add">
      <string>org.eclipse.buildship</string>
     </void>
     <void method="add">
      <string>org.eclipse.eclemma.feature</string>
     </void>
     <void method="add">
      <string>org.eclipse.egit</string>
     </void>
     <void method="add">
      <string>org.eclipse.egit.gitflow.feature</string>
     </void>
     <void method="add">
      <string>org.eclipse.jpt.common.eclipselink.feature</string>
     </void>
     <void method="add">
      <string>org.eclipse.jpt.common.feature</string>
     </void>
     <void method="add">
      <string>org.eclipse.jpt.jaxb.eclipselink.feature</string>
     </void>
     <void method="add">
      <string>org.eclipse.jpt.jaxb.feature</string>
     </void>
     <void method="add">
      <string>org.eclipse.jpt.jpa.eclipselink.feature</string>
     </void>
     <void method="add">
      <string>org.eclipse.jsf.feature</string>
     </void>
     <void method="add">
      <string>org.eclipse.jst.jsf.apache.trinidad.tagsupport.feature</string>
     </void>
     <void method="add">
      <string>org.eclipse.jst.enterprise_ui.feature</string>
     </void>
     <void method="add">
      <string>org.eclipse.jst.server_adapters.ext.feature</string>
     </void>
     <void method="add">
      <string>org.eclipse.jst.server_adapters.feature</string>
     </void>
     <void method="add">
      <string>org.eclipse.jst.server_ui.feature</string>
     </void>
     <void method="add">
      <string>org.eclipse.jst.web_js_support.feature</string>
     </void>
     <void method="add">
      <string>org.eclipse.jst.web_ui.feature</string>
     </void>
     <void method="add">
      <string>org.eclipse.jst.ws.axis2tools.feature</string>
     </void>
     <void method="add">
      <string>org.eclipse.jst.ws.cxf.feature</string>
     </void>
     <void method="add">
      <string>org.eclipse.jst.ws.jaxws.dom.feature</string>
     </void>
     <void method="add">
      <string>org.eclipse.jst.ws.jaxws.feature</string>
     </void>
     <void method="add">
      <string>org.eclipse.linuxtools.docker.feature</string>
     </void>
     <void method="add">
      <string>org.eclipse.m2e.lemminx.feature</string>
     </void>
     <void method="add">
      <string>org.eclipse.m2e.logback.feature</string>
     </void>
     <void method="add">
      <string>org.eclipse.m2e.wtp.feature</string>
     </void>
     <void method="add">
      <string>org.eclipse.m2e.wtp.jaxrs.feature</string>
     </void>
     <void method="add">
      <string>org.eclipse.m2e.wtp.jpa.feature</string>
     </void>
     <void method="add">
      <string>org.eclipse.m2e.wtp.jsf.feature</string>
     </void>
     <void method="add">
      <string>org.eclipse.mylyn.wikitext.editors_feature</string>
     </void>
     <void method="add">
      <string>org.eclipse.tips.feature</string>
     </void>
     <void method="add">
      <string>org.eclipse.tm.terminal.feature</string>
     </void>
     <void method="add">
      <string>org.eclipse.wildwebdeveloper.feature</string>
     </void>
     <void method="add">
      <string>org.eclipse.wildwebdeveloper.embedder.node.feature</string>
     </void>
     <void method="add">
      <string>org.eclipse.wst.json_ui.feature</string>
     </void>
     <void method="add">
      <string>org.eclipse.wst.server_adapters.feature</string>
     </void>
     <void method="add">
      <string>org.eclipse.wst.server_ui.feature</string>
     </void>
     <void method="add">
      <string>org.eclipse.wst.web_js_support.feature</string>
     </void>
     <void method="add">
      <string>org.eclipse.wst.web_ui.feature</string>
     </void>
     <void method="add">
      <string>org.eclipse.wst.xml_ui.feature</string>
     </void>
     <void method="add">
      <string>org.eclipse.wst.xsl.feature</string>
     </void>
    </object>
   </void>
   <void method="put">
    <string>https://marketplace.eclipse.org#1076754</string>
    <object class="java.util.ArrayList">
     <void method="add">
      <string>gitaddon.feature</string>
     </void>
     <void method="add">
      <string>org.nodeclipse.pluginslist.feature</string>
     </void>
    </object>
   </void>
   <void method="put">
    <string>https://marketplace.eclipse.org#2670402</string>
    <object class="java.util.ArrayList">
     <void method="add">
      <string>org.junit.tools.feature</string>
     </void>
    </object>
   </void>
   <void method="put">
    <string>https://marketplace.eclipse.org#4528322</string>
    <object class="java.util.ArrayList">
     <void method="add">
      <string>org.eclipse.shellwax.feature</string>
     </void>
     <void method="add">
      <string>org.eclipse.wildwebdeveloper.embedder.node.feature</string>
     </void>
    </object>
   </void>
   <void method="put">
    <string>https://marketplace.eclipse.org#5321178</string>
    <object class="java.util.ArrayList">
     <void method="add">
      <string>org.eclipse.m2e.feature</string>
     </void>
     <void method="add">
      <string> org.eclipse.m2e.pde.feature</string>
     </void>
    </object>
   </void>
   <void method="put">
    <string>https://marketplace.eclipse.org#1336</string>
    <object class="java.util.ArrayList">
     <void method="add">
      <string>org.eclipse.egit</string>
     </void>
     <void method="add">
      <string>org.eclipse.jgit</string>
     </void>
     <void method="add">
      <string>org.eclipse.jgit.ssh.apache</string>
     </void>
     <void method="add">
      <string>org.eclipse.egit.mylyn</string>
     </void>
     <void method="add">
      <string>org.eclipse.egit.gitflow.feature</string>
     </void>
     <void method="add">
      <string>org.eclipse.jgit.lfs</string>
     </void>
     <void method="add">
      <string>org.eclipse.jgit.gpg.bc</string>
     </void>
    </object>
   </void>
   <void method="put">
    <string>https://marketplace.eclipse.org#1136</string>
    <object class="java.util.ArrayList">
     <void method="add">
      <string>org.sveditor.feature.group</string>
     </void>
    </object>
   </void>
   <void method="put">
    <string>https://marketplace.eclipse.org#148833</string>
    <object class="java.util.ArrayList">
     <void method="add">
      <string>eu.musoft.eclipse.xpath.evaluation.plugin</string>
     </void>
    </object>
   </void>
   <void method="put">
    <string>https://marketplace.eclipse.org#4123770</string>
    <object class="java.util.ArrayList">
     <void method="add">
      <string>org.eclipse.epp.mpc</string>
     </void>
    </object>
   </void>
   <void method="put">
    <string>https://marketplace.eclipse.org#3083980</string>
    <object class="java.util.ArrayList">
     <void method="add">
      <string>com.genuitec.eclipse.code.feature</string>
     </void>
     <void method="add">
      <string>com.genuitec.eclipse.code.extended.feature</string>
     </void>
     <void method="add">
      <string>com.genuitec.eclipse.code.navigation.feature</string>
     </void>
     <void method="add">
      <string>com.genuitec.eclipse.code.slack.feature</string>
     </void>
     <void method="add">
      <string>com.genuitec.eclipse.code.pack.typescript</string>
     </void>
    </object>
   </void>
   <void method="put">
    <string>https://marketplace.eclipse.org#148396</string>
    <object class="java.util.ArrayList">
     <void method="add">
      <string>org.eclipse.xtend.sdk</string>
     </void>
    </object>
   </void>
   <void method="put">
    <string>https://marketplace.eclipse.org#5579576</string>
    <object class="java.util.ArrayList">
     <void method="add">
      <string>com.github.sdbg.feature</string>
     </void>
     <void method="add">
      <string>com.gwtplugins.eclipse.sdkbundle.gwt27.feature</string>
     </void>
     <void method="add">
      <string>com.gwtplugins.eclipse.sdkbundle.gwt28.feature</string>
     </void>
     <void method="add">
      <string>com.gwtplugins.eclipse.sdkbundle.gwt29.feature</string>
     </void>
     <void method="add">
      <string>com.gwtplugins.eclipse.sdkbundle.gwt210.feature</string>
     </void>
     <void method="add">
      <string>com.gwtplugins.eclipse.suite.v3.feature</string>
     </void>
    </object>
   </void>
   <void method="put">
    <string>https://marketplace.eclipse.org#5722037</string>
    <object class="java.util.ArrayList">
     <void method="add">
      <string>com.is2t.microej.sdk.feature</string>
     </void>
    </object>
   </void>
   <void method="put">
    <string>https://marketplace.eclipse.org#1744576</string>
    <object class="java.util.ArrayList">
     <void method="add">
      <string>com.ibm.ws.appconversion_feature.tomcat</string>
     </void>
     <void method="add">
      <string>com.ibm.ws.configmigration.tomcat_feature</string>
     </void>
     <void method="add">
      <string>com.ibm.ws.appconversion_feature.weblogic</string>
     </void>
     <void method="add">
      <string>com.ibm.ws.appconversion_feature.jboss</string>
     </void>
     <void method="add">
      <string>com.ibm.ws.appconversion_feature.oracle</string>
     </void>
     <void method="add">
      <string>com.ibm.ws.migrationtoolkit.cloud.feature</string>
     </void>
     <void method="add">
      <string>com.ibm.ws.appconversion_feature.was2was</string>
     </void>
    </object>
   </void>
  </void>
 </object>
</java>
