<?xml version="1.0" encoding="utf-8" ?>
<introContent>
    <extensionContent id="DTP_tutorialsExtension"
        name="DTP Tutorials"
        style="css/tutorials.css"
        path="tutorials/@">
        <group id="DTP_tutorials_group"
            label="Data Tools Platform"
            style-id="content-group">
            <link label="DTP Apache Derby tutorial"
                style-id="content-link"
                url="http://org.eclipse.ui.intro/showHelpTopic?id=/org.eclipse.datatools.common.doc.user/doc/html/asc1229700384901.html"
                id="DTP_tutorialsLink1">
                <text>
                    The Apache Derby tutorial demonstates some basic DTP features to 
                    get you up and running quickly.
                </text>
            </link>
            <anchor id="DTP_tutorialAdditions"/>
        </group>
   </extensionContent>
</introContent>
