<?xml version="1.0" encoding="UTF-8" ?>
<introContent>
  <!-- Extension to the SDK Overview Page. -->
  <extensionContent id="org.eclipse.jdt" name="Java development" alt-style="css/overview.properties" style="css/overview.css" path="overview/@">
     <group id="content-group" style-id="content-group">
    	<link style-id="content-link" label="Java development" url="http://org.eclipse.ui.intro/showHelpTopic?id=/org.eclipse.jdt.doc.user/gettingStarted/intro/overview.htm" id="java">
      		<text>Get familiar with developing Java programs using Eclipse</text>
    	</link>
     </group>
  </extensionContent>
</introContent>
