<extensionDetails>
	<feature
		uri="http://public.dhe.ibm.com/ibmdl/export/pub/software/websphere/wasdev/updates/libertyAdapter/2019-06/"
		id="com.ibm.ws.st.tools.base.feature.group"
		name="WebSphere® Application Server Liberty Server Adapter"
		description="Tools for developing and administering WebSphere Application Server Liberty Server"
		provider="IBM" version="1.0.557.v20190623_1100"
		serverId="com.ibm.ws.st.server.wlp" runtime-vendor="IBM"
		runtimeId="com.ibm.ws.st.runtime.wlp">
	</feature>
	<feature uri="http://www.apache.org/dist/geronimo/eclipse/updates/"
		id="org.apache.geronimo.v10.feature.feature.group"
		name="Geronimo v1.0 Server Adapter"
		description="This feature provides the WTP Server Adapter and additional development tools for Apache Geronimo."
		provider="Apache" version="2.0.0" runtime-vendor="Apache">
	</feature>
	<feature uri="http://www.apache.org/dist/geronimo/eclipse/updates/"
		id="org.apache.geronimo.v22.feature.feature.group"
		name="Geronimo v2.2 Server Adapter"
		description="This feature provides the WTP Server Adapters and additional development tools for the Apache Geronimo v2.0, v2.1 and v2.2 servers."
		provider="Apache" version="2.2.1" runtime-vendor="Apache">
	</feature>
	<feature
		uri="http://www.apache.org/dist/geronimo/eclipse/updates/"
		id="org.apache.geronimo.feature.feature.group" name="Geronimo Core Feature"
		description="This feature provides core support required for the WTP Server Adapter for specific versions of the Apache Geronimo server."
		provider="Apache" version="2.1.1" runtime-vendor="Apache">
	</feature>
	<feature
		uri="http://www.apache.org/dist/geronimo/eclipse/updates/"
		id="org.apache.geronimo.v30.feature.feature.group" name="Geronimo v3.0 Server Adapter"
		description="This feature provides the WTP Server Adapters and additional development tools for the Apache Geronimo v1.1, v2.0, v2.1, v2.2, and v3.0 servers."
		provider="Apache" version="3.0.1" runtime-vendor="Apache">
	</feature>
	<feature
		uri="http://www.apache.org/dist/geronimo/eclipse/updates/"
		id="org.apache.geronimo.v11.feature.feature.group" name="Geronimo v1.1.x Server Adapter"
		description="This feature provides the WTP Server Adapter and additional development tools for Apache Geronimo."
		provider="Apache" version="2.0.0" runtime-vendor="Apache">
	</feature>
	<feature
		uri="http://www.apache.org/dist/geronimo/eclipse/updates/"
		id="org.apache.geronimo.v21.feature.feature.group" name="Geronimo v2.1 Server Adapter"
		description="This feature provides the WTP Server Adapters and additional development tools for the Apache Geronimo v2.0 and v2.1 servers."
		provider="Apache" version="2.1.8" runtime-vendor="Apache">
	</feature>
	<feature
		uri="http://www.apache.org/dist/geronimo/eclipse/updates/"
		id="org.apache.geronimo.v20.feature.feature.group" name="Geronimo v2.0 Server Adapter"
		description="This feature provides the WTP Server Adapter and additional development tools for the Apache Geronimo v2.0 server."
		provider="Apache" version="2.1.2" runtime-vendor="Apache">
	</feature>
	<feature
		uri="http://master.dl.sourceforge.net/project/sapnweclipse/updates/"
		id="com.sap.netweaver.porta.ide.eclipse.feature.feature.group"
		name="SAP NetWeaver Server Adapter"
		description="Server adapter for the SAP NetWeaver Application Server. Supports J2EE 1.4 and Java EE 5 modules."
		provider="SAP" version="0.7.2.201006211643" serverId="com.sap.netweaver.server.ce.720"
		runtime-vendor="SAP" runtimeId="com.sap.netweaver.runtime.ce.720">
	</feature>
	<feature uri="http://jope.ow2.org/update/jope/"
		id="org.ow2.jonas.wtp.adapter.feature.group" name="Jonas WTP Adapter"
		description="JOPE (JOnAS Plugin for Eclipse) is an open source JOnAS plugin for Eclipse."
		provider="OW2" version="5.1.2" serverId="org.eclipse.jst.server.generic.jonas4"
		runtime-vendor="OW2" runtimeId="org.eclipse.jst.server.generic.runtime.jonas4">
	</feature>
	<feature uri="http://www.caucho.com/eclipse/"
		id="com.caucho.resin.eclipse.feature.group"
		name="Resin (Java EE Web Profile) Server"
		description="Resin Eclipse Plugin based on WebTools Generic Server."
		provider="Resin" version="4.0.27" serverId="org.eclipse.jst.server.generic.resin40"
		runtime-vendor="Resin" runtimeId="org.eclipse.jst.server.generic.runtime.resin40">
	</feature>
	<feature
		uri="http://download.jboss.org/jbosstools/updates/webtools/photon/"
		id="org.jboss.ide.eclipse.as.feature.feature.group"
		name="JBoss AS, WildFly, &amp; EAP Server Tools"
		description="Provides WTP server adapters for JBoss installations. These adapters are capable of deployment and providing classpaths for projects. Zipped or exploded deployments, JMX integration, and other extensions are included."
		provider="Red Hat JBoss Middleware" version="3.4.0" serverId="org.jboss.ide.eclipse.as.eap.70"
		runtime-vendor="Red Hat JBoss Middleware" runtimeId="org.jboss.ide.eclipse.as.runtime.eap.70">
	</feature>
	<feature uri="http://download.oracle.com/otn_software/oepe/oxygen/"
		id="oracle.eclipse.tools.cloud.feature.group"
		name="Oracle Cloud Tools"
		description="Additional tools for developing Oracle Cloud applications."
		provider="Oracle" version="8.2.0.201507100122" serverId="oracle.cloud.server" 
		runtime-vendor="Oracle" runtimeId="oracle.cloud">
	</feature>
	<feature uri="http://download.oracle.com/otn_software/oepe/oxygen/"
		id="oracle.eclipse.tools.weblogic.feature.group"
		name="Oracle WebLogic Server Tools"
		description="Tools for developing applications for Oracle WebLogic Server (versions 12.1.x, 10.3.x, 10.0 and 9.2)."
		provider="Oracle" version="8.2.0.201507100122" serverId="com.bea.weblogic1221.server"
		runtime-vendor="Oracle" runtimeId="com.bea.weblogic1221">
	</feature>
	<feature uri="http://download.oracle.com/otn_software/oepe/oxygen/"
		id="oracle.eclipse.tools.glassfish.feature.group"
		name="GlassFish Tools"
		description="Tools for developing applications for GlassFish."
		provider="Oracle" version="8.2.0.201507100122" serverId="org.glassfish.jst.server.glassfish4"
		runtime-vendor="Oracle" runtimeId="org.glassfish.jst.server.runtime.glassfish4" >
	</feature>
</extensionDetails>